"Company Name,city,Zip Code",normalized_name,Company Name,city,zip
"TechFlow Solutions,Seattle,98101",TECHFLOW SOLUTIONS SEATTLE 98101,TechFlow Solutions,Seattle,98101
"Blue Mountain Coffee Co,Denver,80202",BLUE MOUNTAIN COFFEE DENVER 80202,Blue Mountain Coffee Co,Denver,80202
"Sunrise Marketing Group,Austin,78701",SUNRISE MARKETING GROUP AUSTIN 78701,Sunrise Marketing Group,Austin,78701
"Pacific Steel Works,Portland,97201",PACIFIC STEEL WORKS PORTLAND 97201,Pacific Steel Works,Portland,97201
"Golden Gate Consulting,San Francisco,94102",GOLDEN GATE CONSULTING SAN FRANCISCO 94102,Golden Gate Consulting,San Francisco,94102
"Riverside Data Systems,Chicago,60601",RIVERSIDE DATA SYSTEMS CHICAGO 60601,Riverside Data Systems,Chicago,60601
"Maple Leaf Logistics,Boston,02101",MAPLE LEAF LOGISTICS BOSTON 02101,Maple Leaf Logistics,Boston,02101
"Desert Rose Electronics,Phoenix,85001",DESERT ROSE ELECTRONICS PHOENIX 85001,Desert Rose Electronics,Phoenix,85001
"Ocean View Properties,Miami,33101",OCEAN VIEW PROPERTIES MIAMI 33101,Ocean View Properties,Miami,33101
"Mountain Peak Insurance,Salt Lake City,84101",MOUNTAIN PEAK INSURANCE SALT LAKE CITY 84101,Mountain Peak Insurance,Salt Lake City,84101
"Silver Creek Manufacturing,Nashville,37201",SILVER CREEK MANUFACTURING NASHVILLE 37201,Silver Creek Manufacturing,Nashville,37201
"Quantum Dynamics Corp,San Jose,95101",QUANTUM DYNAMICS SAN JOSE 95101,Quantum Dynamics Corp,San Jose,95101
"Emerald City Services,Seattle,98102",EMERALD CITY SERVICES SEATTLE 98102,Emerald City Services,Seattle,98102
"Red Rock Construction,Las Vegas,89101",RED ROCK CONSTRUCTION LAS VEGAS 89101,Red Rock Construction,Las Vegas,89101
"Crystal Lake Technologies,Minneapolis,55401",CRYSTAL LAKE TECHNOLOGIES MINNEAPOLIS 55401,Crystal Lake Technologies,Minneapolis,55401
"Sunset Boulevard Media,Los Angeles,90210",SUNSET BOULEVARD MEDIA LOS ANGELES 90210,Sunset Boulevard Media,Los Angeles,90210
"Prairie Wind Energy,Kansas City,64101",PRAIRIE WIND ENERGY KANSAS CITY 64101,Prairie Wind Energy,Kansas City,64101
"Iron Horse Transportation,Detroit,48201",IRON HORSE TRANSPORTATION DETROIT 48201,Iron Horse Transportation,Detroit,48201
"Golden Wheat Bakery,Omaha,68101",GOLDEN WHEAT BAKERY OMAHA 68101,Golden Wheat Bakery,Omaha,68101
"Coastal Communications,San Diego,92101",COASTAL COMMUNICATIONS SAN DIEGO 92101,Coastal Communications,San Diego,92101
"Thunder Bay Solutions,Tampa,33601",THUNDER BAY SOLUTIONS TAMPA 33601,Thunder Bay Solutions,Tampa,33601
"Skyline Architecture,Atlanta,30301",SKYLINE ARCHITECTURE ATLANTA 30301,Skyline Architecture,Atlanta,30301
"Moonbeam Software,Raleigh,27601",MOONBEAM SOFTWARE RALEIGH 27601,Moonbeam Software,Raleigh,27601
"Wildfire Creative Agency,Phoenix,85002",WILDFIRE CREATIVE AGENCY PHOENIX 85002,Wildfire Creative Agency,Phoenix,85002
"Glacier Point Investments,Anchorage,99501",GLACIER POINT INVESTMENTS ANCHORAGE 99501,Glacier Point Investments,Anchorage,99501
"Sandstone Financial,Albuquerque,87101",SANDSTONE FINANCIAL ALBUQUERQUE 87101,Sandstone Financial,Albuquerque,87101
"Liberty Bell Services,Philadelphia,19101",LIBERTY BELL SERVICES PHILADELPHIA 19101,Liberty Bell Services,Philadelphia,19101
"Diamond Valley Mining,Reno,89501",DIAMOND VALLEY MINING RENO 89501,Diamond Valley Mining,Reno,89501
"Evergreen Technologies,Portland,97202",EVERGREEN TECHNOLOGIES PORTLAND 97202,Evergreen Technologies,Portland,97202
"Crimson Tide Marketing,Birmingham,35201",CRIMSON TIDE MARKETING BIRMINGHAM 35201,Crimson Tide Marketing,Birmingham,35201
"Starlight Entertainment,Orlando,32801",STARLIGHT ENTERTAINMENT ORLANDO 32801,Starlight Entertainment,Orlando,32801
"Boulder Creek Systems,Boulder,80301",BOULDER CREEK SYSTEMS BOULDER 80301,Boulder Creek Systems,Boulder,80301
"Copper Canyon Consulting,Tucson,85701",COPPER CANYON CONSULTING TUCSON 85701,Copper Canyon Consulting,Tucson,85701
"Ivory Tower Education,New Haven,06510",IVORY TOWER EDUCATION NEW HAVEN 06510,Ivory Tower Education,New Haven,06510
"Jade Garden Imports,Houston,77001",JADE GARDEN IMPORTS HOUSTON 77001,Jade Garden Imports,Houston,77001
"Onyx Solutions Group,Dallas,75201",ONYX SOLUTIONS GROUP DALLAS 75201,Onyx Solutions Group,Dallas,75201
"Sapphire Digital Media,Charlotte,28201",SAPPHIRE DIGITAL MEDIA CHARLOTTE 28201,Sapphire Digital Media,Charlotte,28201
"Ruby Red Restaurants,Richmond,23219",RUBY RED RESTAURANTS RICHMOND 23219,Ruby Red Restaurants,Richmond,23219
"Amber Wave Agriculture,Des Moines,50301",AMBER WAVE AGRICULTURE DES MOINES 50301,Amber Wave Agriculture,Des Moines,50301
"Obsidian Security Systems,Baltimore,21201",OBSIDIAN SECURITY SYSTEMS BALTIMORE 21201,Obsidian Security Systems,Baltimore,21201
"Granite Peak Engineering,Boise,83701",GRANITE PEAK ENGINEERING BOISE 83701,Granite Peak Engineering,Boise,83701
"Cedar Point Manufacturing,Cleveland,44101",CEDAR POINT MANUFACTURING CLEVELAND 44101,Cedar Point Manufacturing,Cleveland,44101
"Willow Creek Wellness,Indianapolis,46201",WILLOW CREEK WELLNESS INDIANAPOLIS 46201,Willow Creek Wellness,Indianapolis,46201
"Magnolia House Hospitality,Savannah,31401",MAGNOLIA HOUSE HOSPITALITY SAVANNAH 31401,Magnolia House Hospitality,Savannah,31401
"Pine Forest Products,Eugene,97401",PINE FOREST PRODUCTS EUGENE 97401,Pine Forest Products,Eugene,97401
"Coral Reef Marine Services,Key West,33040",CORAL REEF MARINE SERVICES KEY WEST 33040,Coral Reef Marine Services,Key West,33040
"Aspen Heights Development,Vail,81657",ASPEN HEIGHTS DEVELOPMENT VAIL 81657,Aspen Heights Development,Vail,81657
"Redwood Capital Partners,Sacramento,95814",REDWOOD CAPITAL PARTNERS SACRAMENTO 95814,Redwood Capital Partners,Sacramento,95814
"Bluebird Aviation Services,Memphis,38103",BLUEBIRD AVIATION SERVICES MEMPHIS 38103,Bluebird Aviation Services,Memphis,38103
"Lighthouse Consulting Group,Norfolk,23501",LIGHTHOUSE CONSULTING GROUP NORFOLK 23501,Lighthouse Consulting Group,Norfolk,23501
